quest	release	source
COOKS_ASSISTANT	2001-01-04	https://oldschool.runescape.wiki/w/Update:Runescape_beta_is_now_online!
DEMON_SLAYER	2001-01-04	https://oldschool.runescape.wiki/w/Update:Runescape_beta_is_now_online!
ROMEO__JULIET	2001-01-04	https://oldschool.runescape.wiki/w/Update:Runescape_beta_is_now_online!
SHEEP_SHEARER	2001-01-04	https://oldschool.runescape.wiki/w/Update:Runescape_beta_is_now_online!
SHIELD_OF_ARRAV	2001-01-04	https://oldschool.runescape.wiki/w/Update:Runescape_beta_is_now_online!
THE_RESTLESS_GHOST	2001-01-04	https://oldschool.runescape.wiki/w/Update:Runescape_beta_is_now_online!
ERNEST_THE_CHICKEN	2001-01-21	https://oldschool.runescape.wiki/w/Update:Newsletter_1
VAMPYRE_SLAYER	2001-01-28	https://oldschool.runescape.wiki/w/Update:New_Quest:_Vampire_Slayer
IMP_CATCHER	2001-02-16	https://oldschool.runescape.wiki/w/Update:New_quest,_and_more_fixes
PRINCE_ALI_RESCUE	2001-02-28	https://oldschool.runescape.wiki/w/Update:Yet_another_new_quest,_and_new_options_menu
BLACK_KNIGHTS_FORTRESS	2001-04-06	https://oldschool.runescape.wiki/w/Update:Massive_update!
DORICS_QUEST	2001-04-06	https://oldschool.runescape.wiki/w/Update:Massive_update!
THE_KNIGHTS_SWORD	2001-04-06	https://oldschool.runescape.wiki/w/Update:Massive_update!
WITCHS_POTION	2001-04-06	https://oldschool.runescape.wiki/w/Update:Massive_update!
GOBLIN_DIPLOMACY	2001-05-08	https://oldschool.runescape.wiki/w/Update:Runescape_updated_(8_May_2001)
PIRATES_TREASURE	2001-06-11	https://oldschool.runescape.wiki/w/Update:The_island_of_Karamja_is_open
DRAGON_SLAYER_I	2001-09-23	https://oldschool.runescape.wiki/w/Update:Dragon_quest_online!
DRUIDIC_RITUAL	2002-02-27	https://oldschool.runescape.wiki/w/Update:Latest_RuneScape_News_(27_February_2002)
HEROES_QUEST	2002-02-27	https://oldschool.runescape.wiki/w/Update:Latest_RuneScape_News_(27_February_2002)
LOST_CITY	2002-02-27	https://oldschool.runescape.wiki/w/Update:Latest_RuneScape_News_(27_February_2002)
MERLINS_CRYSTAL	2002-02-27	https://oldschool.runescape.wiki/w/Update:Latest_RuneScape_News_(27_February_2002)
WITCHS_HOUSE	2002-02-27	https://oldschool.runescape.wiki/w/Update:Latest_RuneScape_News_(27_February_2002)
ALFRED_GRIMHANDS_BARCRAWL	2002-03-25	https://oldschool.runescape.wiki/w/Miniquests
SCORPION_CATCHER	2002-03-25	https://oldschool.runescape.wiki/w/Update:Latest_RuneScape_News_(25_March_2002)
FAMILY_CREST	2002-04-09	https://oldschool.runescape.wiki/w/Update:New_members_quest_online!
TRIBAL_TOTEM	2002-04-30	https://oldschool.runescape.wiki/w/Update:Latest_RuneScape_News_(30_April_2002)
FISHING_CONTEST	2002-05-28	https://oldschool.runescape.wiki/w/Update:Latest_RuneScape_News_(28_May_2002)
MONKS_FRIEND	2002-05-28	https://oldschool.runescape.wiki/w/Update:Latest_RuneScape_News_(28_May_2002)
CLOCK_TOWER	2002-06-17	https://oldschool.runescape.wiki/w/Update:Latest_RuneScape_News_(17_June_2002)
TEMPLE_OF_IKOV	2002-06-17	https://oldschool.runescape.wiki/w/Update:Latest_RuneScape_News_(17_June_2002)
FIGHT_ARENA	2002-07-23	https://oldschool.runescape.wiki/w/Update:Members%27_quests
HOLY_GRAIL	2002-07-23	https://oldschool.runescape.wiki/w/Update:Members%27_quests
TREE_GNOME_VILLAGE	2002-07-23	https://oldschool.runescape.wiki/w/Update:Members%27_quests
HAZEEL_CULT	2002-08-15	https://oldschool.runescape.wiki/w/Update:Sheep_and_cults
SHEEP_HERDER	2002-08-15	https://oldschool.runescape.wiki/w/Update:Sheep_and_cults
PLAGUE_CITY	2002-08-27	https://oldschool.runescape.wiki/w/Update:Multi-part_quest
SEA_SLUG	2002-09-09	https://oldschool.runescape.wiki/w/Update:Sea_Slug_Quest
WATERFALL_QUEST	2002-09-24	https://oldschool.runescape.wiki/w/Update:Tutorial_island
BIOHAZARD	2002-10-23	https://oldschool.runescape.wiki/w/Update:Updates_galore!
JUNGLE_POTION	2002-10-23	https://oldschool.runescape.wiki/w/Update:Updates_galore!
THE_GRAND_TREE	2002-12-12	https://oldschool.runescape.wiki/w/Update:Agility_skill_online
SHILO_VILLAGE	2003-01-27	https://oldschool.runescape.wiki/w/Update:Shilo_Village_Quest_online
UNDERGROUND_PASS	2003-03-03	https://oldschool.runescape.wiki/w/Update:New_Quest_Online_-_Part_Three
OBSERVATORY_QUEST	2003-03-17	https://oldschool.runescape.wiki/w/Update:Observatory_Quest_online!
THE_TOURIST_TRAP	2003-04-14	https://oldschool.runescape.wiki/w/Update:Tourist_Trap_Quest_Online!
WATCHTOWER	2003-05-07	https://oldschool.runescape.wiki/w/Update:New_-_Watch_Tower_Quest!
DWARF_CANNON	2003-05-27	https://oldschool.runescape.wiki/w/Update:New_Dwarf_Cannon_Quest
MURDER_MYSTERY	2003-06-09	https://oldschool.runescape.wiki/w/Update:New_Murder_Mystery_Quest!
THE_DIG_SITE	2003-07-09	https://oldschool.runescape.wiki/w/Update:New_Digsite_Quest!
GERTRUDES_CAT	2003-07-28	https://oldschool.runescape.wiki/w/Update:New_Members_Quest_Online
LEGENDS_QUEST	2003-08-20	https://oldschool.runescape.wiki/w/Update:New_-_Legends_Quest!
MAGE_ARENA_I	2003-09-22	https://oldschool.runescape.wiki/w/Miniquests
RUNE_MYSTERIES	2003-12-01	https://oldschool.runescape.wiki/w/Update:RuneScape_2_Beta_is_Here!
BIG_CHOMPY_BIRD_HUNTING	2004-05-18	https://oldschool.runescape.wiki/w/Update:Big_Chompy_Bird_Hunting
ELEMENTAL_WORKSHOP_I	2004-06-02	https://oldschool.runescape.wiki/w/Update:Elemental_Workshop_Quest
PRIEST_IN_PERIL	2004-06-29	https://oldschool.runescape.wiki/w/Update:Priest_In_Peril_Quest
NATURE_SPIRIT	2004-07-13	https://oldschool.runescape.wiki/w/Update:Nature_Spirit_Quest
DEATH_PLATEAU	2004-08-09	https://oldschool.runescape.wiki/w/Update:Death_Plateau_Quest
TROLL_STRONGHOLD	2004-08-24	https://oldschool.runescape.wiki/w/Update:Troll_Stronghold_Quest
TAI_BWO_WANNAI_TRIO	2004-09-14	https://oldschool.runescape.wiki/w/Update:Tai_Bwo_Wannai_Trio
REGICIDE	2004-09-20	https://oldschool.runescape.wiki/w/Update:Plague_City_Part_4_Released
EADGARS_RUSE	2004-10-05	https://oldschool.runescape.wiki/w/Update:Eadgars_Ruse
SHADES_OF_MORTTON	2004-10-18	https://oldschool.runescape.wiki/w/Update:Mortton_Shades_and_Mage_Armour
THE_FREMENNIK_TRIALS	2004-11-02	https://oldschool.runescape.wiki/w/Update:The_Fremennik_Trials
HORROR_FROM_THE_DEEP	2004-11-17	https://oldschool.runescape.wiki/w/Update:Horror_From_The_Deep
THRONE_OF_MISCELLANIA	2004-11-29	https://oldschool.runescape.wiki/w/Update:Throne_Of_Miscellania
MONKEY_MADNESS_I	2004-12-06	https://oldschool.runescape.wiki/w/Update:Monkey_Madness
HAUNTED_MINE	2004-12-21	https://oldschool.runescape.wiki/w/Update:The_Haunted_Mine
TROLL_ROMANCE	2005-01-05	https://oldschool.runescape.wiki/w/Update:Troll_Romance,_Banks_and_Chat
IN_SEARCH_OF_THE_MYREQUE	2005-01-10	https://oldschool.runescape.wiki/w/Update:In_Search_Of_The_Myreque
CREATURE_OF_FENKENSTRAIN	2005-01-31	https://oldschool.runescape.wiki/w/Update:Creature_of_Fenkenstrain
ROVING_ELVES	2005-02-07	https://oldschool.runescape.wiki/w/Update:Roving_Elves
GHOSTS_AHOY	2005-02-15	https://oldschool.runescape.wiki/w/Update:Ghosts_Ahoy_and_Slayer_Update
ONE_SMALL_FAVOUR	2005-02-28	https://oldschool.runescape.wiki/w/Update:One_Small_Favour
MOUNTAIN_DAUGHTER	2005-03-07	https://oldschool.runescape.wiki/w/Update:Mountain_Daughter_and_Changes
BETWEEN_A_ROCK	2005-03-21	https://oldschool.runescape.wiki/w/Update:Between_a_Rock...
THE_FEUD	2005-04-04	https://oldschool.runescape.wiki/w/Update:Ali_Morrisane_and_Pollnivneach
THE_GOLEM	2005-04-11	https://oldschool.runescape.wiki/w/Update:The_Golem
DESERT_TREASURE_I	2005-04-18	https://oldschool.runescape.wiki/w/Update:Desert_Treasure
ICTHLARINS_LITTLE_HELPER	2005-04-26	https://oldschool.runescape.wiki/w/Update:Desert_Month_Finale
TEARS_OF_GUTHIX	2005-05-04	https://oldschool.runescape.wiki/w/Update:Earthquake_Rocks_Lumbridge
ZOGRE_FLESH_EATERS	2005-05-17	https://oldschool.runescape.wiki/w/Update:Zogre_Flesh_Eaters
THE_GIANT_DWARF	2005-05-31	https://oldschool.runescape.wiki/w/Update:Keldagrim_-_The_Dwarven_City
THE_LOST_TRIBE	2005-05-31	https://oldschool.runescape.wiki/w/Update:New_Appointment_in_Lumbridge
ENTER_THE_ABYSS	2005-06-13	https://oldschool.runescape.wiki/w/Miniquests
RECRUITMENT_DRIVE	2005-06-27	https://oldschool.runescape.wiki/w/Update:Recruitment_Drive
MOURNINGS_END_PART_I	2005-07-19	https://oldschool.runescape.wiki/w/Update:Plague_City_Series_Continued
CURSE_OF_THE_EMPTY_LORD	2005-07-26	https://oldschool.runescape.wiki/w/Miniquests
FORGETTABLE_TALE	2005-07-26	https://oldschool.runescape.wiki/w/Update:The_Forgettable_Tale...
GARDEN_OF_TRANQUILLITY	2005-08-30	https://oldschool.runescape.wiki/w/Update:Garden_Of_Tranquillity
A_TAIL_OF_TWO_CATS	2005-09-26	https://oldschool.runescape.wiki/w/Update:A_Tail_of_Two_Cats
MOURNINGS_END_PART_II	2005-10-17	https://oldschool.runescape.wiki/w/Update:Mourning%27s_Ends_Pt_II
WANTED	2005-10-17	https://oldschool.runescape.wiki/w/Update:Wanted!
SKIPPY_AND_THE_MOGRES	2005-10-24	https://oldschool.runescape.wiki/w/Miniquests
RUM_DEAL	2005-10-31	https://oldschool.runescape.wiki/w/Update:Rum_Deal
SHADOW_OF_THE_STORM	2005-11-14	https://oldschool.runescape.wiki/w/Update:Shadow_of_the_Storm
MAKING_HISTORY	2005-11-22	https://oldschool.runescape.wiki/w/Update:Making_History_and_minor_changes
THE_ENCHANTED_KEY	2005-11-22	https://oldschool.runescape.wiki/w/Miniquests
RATCATCHERS	2005-11-28	https://oldschool.runescape.wiki/w/Update:Rat_Catchers_and_Rat_Pits!
SPIRITS_OF_THE_ELID	2005-12-05	https://oldschool.runescape.wiki/w/Update:Behind_the_Scenes_-_December_(2005)
DEVIOUS_MINDS	2005-12-19	https://oldschool.runescape.wiki/w/Update:Devious_Minds
THE_HAND_IN_THE_SAND	2006-01-10	https://oldschool.runescape.wiki/w/Update:The_Hand_in_the_Sand
ENAKHRAS_LAMENT	2006-01-23	https://oldschool.runescape.wiki/w/Update:Enakhra%27s_Lament
CABIN_FEVER	2006-02-07	https://oldschool.runescape.wiki/w/Update:Cabin_Fever
FAIRYTALE_I__GROWING_PAINS	2006-02-27	https://oldschool.runescape.wiki/w/Update:A_Fairy_Tale_Part_I_-_Growing_Pains
RECIPE_FOR_DISASTER	2006-03-15	https://oldschool.runescape.wiki/w/Update:Hundredth_Quest_-_Recipe_for_Disaster!
RECIPE_FOR_DISASTER__ANOTHER_COOKS_QUEST	2006-03-15	https://oldschool.runescape.wiki/w/Update:Hundredth_Quest_-_Recipe_for_Disaster!
RECIPE_FOR_DISASTER__CULINAROMANCER	2006-03-15	https://oldschool.runescape.wiki/w/Update:Hundredth_Quest_-_Recipe_for_Disaster!
RECIPE_FOR_DISASTER__EVIL_DAVE	2006-03-15	https://oldschool.runescape.wiki/w/Update:Hundredth_Quest_-_Recipe_for_Disaster!
RECIPE_FOR_DISASTER__KING_AWOWOGEI	2006-03-15	https://oldschool.runescape.wiki/w/Update:Hundredth_Quest_-_Recipe_for_Disaster!
RECIPE_FOR_DISASTER__LUMBRIDGE_GUIDE	2006-03-15	https://oldschool.runescape.wiki/w/Update:Hundredth_Quest_-_Recipe_for_Disaster!
RECIPE_FOR_DISASTER__MOUNTAIN_DWARF	2006-03-15	https://oldschool.runescape.wiki/w/Update:Hundredth_Quest_-_Recipe_for_Disaster!
RECIPE_FOR_DISASTER__PIRATE_PETE	2006-03-15	https://oldschool.runescape.wiki/w/Update:Hundredth_Quest_-_Recipe_for_Disaster!
RECIPE_FOR_DISASTER__SIR_AMIK_VARZE	2006-03-15	https://oldschool.runescape.wiki/w/Update:Hundredth_Quest_-_Recipe_for_Disaster!
RECIPE_FOR_DISASTER__SKRACH_UGLOGWEE	2006-03-15	https://oldschool.runescape.wiki/w/Update:Hundredth_Quest_-_Recipe_for_Disaster!
RECIPE_FOR_DISASTER__WARTFACE__BENTNOZE	2006-03-15	https://oldschool.runescape.wiki/w/Update:Hundredth_Quest_-_Recipe_for_Disaster!
IN_AID_OF_THE_MYREQUE	2006-03-22	https://oldschool.runescape.wiki/w/Update:In_Aid_of_the_Myreque
A_SOULS_BANE	2006-04-03	https://oldschool.runescape.wiki/w/Update:A_Soul%27s_Bane
RAG_AND_BONE_MAN_I	2006-04-10	https://oldschool.runescape.wiki/w/Update:Rag_and_Bone_Man
SWAN_SONG	2006-05-02	https://oldschool.runescape.wiki/w/Update:Return_of_the_Wise_Old_Man!
ROYAL_TROUBLE	2006-05-22	https://oldschool.runescape.wiki/w/Update:Royal_Trouble
DEATH_TO_THE_DORGESHUUN	2006-06-21	https://oldschool.runescape.wiki/w/Update:Death_to_the_Dorgeshuun!
FAIRYTALE_II__CURE_A_QUEEN	2006-07-11	https://oldschool.runescape.wiki/w/Update:Fairy_Tale_II_-_Cure_a_Queen
LUNAR_DIPLOMACY	2006-07-24	https://oldschool.runescape.wiki/w/Update:Lunar_Diplomacy
THE_EYES_OF_GLOUPHRIE	2006-08-15	https://oldschool.runescape.wiki/w/Update:The_Eyes_of_Glouphrie
DARKNESS_OF_HALLOWVALE	2006-09-04	https://oldschool.runescape.wiki/w/Update:Myreque_Pt_III_-_Darkness_of_Hallowvale
THE_SLUG_MENACE	2006-09-20	https://oldschool.runescape.wiki/w/Update:Slug_Menace
ELEMENTAL_WORKSHOP_II	2006-10-02	https://oldschool.runescape.wiki/w/Update:Elemental_Workshop_II
MY_ARMS_BIG_ADVENTURE	2006-10-23	https://oldschool.runescape.wiki/w/Update:Would_you_like_to_see_My_Arm%3F
ENLIGHTENED_JOURNEY	2006-11-06	https://oldschool.runescape.wiki/w/Update:Enlightened_Journey
EAGLES_PEAK	2006-11-28	https://oldschool.runescape.wiki/w/Update:Eagles%27_Peak
ANIMAL_MAGNETISM	2006-12-12	https://oldschool.runescape.wiki/w/Update:Animal_Magnetism
CONTACT	2007-01-10	https://oldschool.runescape.wiki/w/Update:Contact!
LAIR_OF_TARN_RAZORLOR	2007-01-22	https://oldschool.runescape.wiki/w/Miniquests
COLD_WAR	2007-01-29	https://oldschool.runescape.wiki/w/Update:What%27s_black_and_white_and_goes_green_when_it%27s_finished%3F
THE_FREMENNIK_ISLES	2007-02-06	https://oldschool.runescape.wiki/w/Update:Fremennik_Isles
THE_GENERALS_SHADOW	2007-02-12	https://oldschool.runescape.wiki/w/Miniquests
TOWER_OF_LIFE	2007-02-19	https://oldschool.runescape.wiki/w/Update:The_Tower_of_Life
THE_GREAT_BRAIN_ROBBERY	2007-03-06	https://oldschool.runescape.wiki/w/Update:Great_Brain_Robbery
WHAT_LIES_BELOW	2007-03-27	https://oldschool.runescape.wiki/w/Update:What_Lies_Below
OLAFS_QUEST	2007-04-10	https://oldschool.runescape.wiki/w/Update:Olaf%27s_Quest
ANOTHER_SLICE_OF_HAM	2007-04-24	https://oldschool.runescape.wiki/w/Update:Another_Slice_of_H.A.M.
DREAM_MENTOR	2007-05-15	https://oldschool.runescape.wiki/w/Update:Dream_Mentor
GRIM_TALES	2007-06-04	https://oldschool.runescape.wiki/w/Update:Grim_Tales
BARBARIAN_TRAINING	2007-07-03	https://oldschool.runescape.wiki/w/Miniquests
KINGS_RANSOM	2007-07-24	https://oldschool.runescape.wiki/w/Update:King%27s_Ransom
